can6G01,6G7B-flash1
can6G07,6G7B-flash2
can6G08,6G7B-flash3
can6G02,6G8A-flash1
can6G03,6G8A-flash2
can6I01,6I1B-flash1
can6M20,auto6M12-flash1
can6G04,6M1E-flash1
can6G05,6M1E-flash2
can6M08,6M2C-flash1
can6M11,6M3C-flash1
canc3D03,6M4A-flash2
canc3D02,6M4B-flash1
can6D03,6M4B-flash2
can6D01,6M4C-flash1
can6D02,6M4C-flash2
can6D04,6M4C-flash3
can6N01,6N1A-flash1
can6N02,6N1A-flash2
can6N03,6N1A-flash3
can6N05,6N1A-flash4
can6N08,6N1A-flash5
can6N18,6N1A-flash6
can6N14,6N1B-flash1
can6N19,6N1B-flash2
can6N15,6N1C-flash1
can6N16,6N1C-flash2
can6N07,6N1H-flash1
can6N17,6N1H-flash2
can6N06,6N1K-flash1
can6C13,6N2A-flash1
can5C19,6N2A-flash10
can6C20,6N2A-flash2
can6C21,6N2A-flash3
can6C27,6N2A-flash4
can6C31,6N2A-flash5
can6C35,6N2A-flash6
can6C36,6N2A-flash7
can6N09,6N2A-flash8
can6C49,6N2A-flash9
can6C24,6N2B-flash1
can6C26,6N2B-flash2
can6C61,6N2D-flash1
can6C30,6N2E-flash1
can6C11,6N2E-flash2
can6C01,6N2F-flash1
can6C48,6N2G-flash1
can6C40,6N2H-flash1
can6C25,6N2H-flash2
can6C06,6N2J-flash1
can6C07,6N2J-flash2
can6C53,6N2J-flash3
can6C18,6N2K-flash1
can6C29,6N2K-flash2
can6C52,6N2K-flash3
can6C42,6N31-flash2
can6C22,6N3A-flash1
can6C15,6N3C-flash1
can6N20,6N3F-flash1
can6C54,6N3H-flash1
can6C41,6N3I-flash1
can6C46,6N3K-flash1
can6C56,6N3K-flash2
can6C57,6N3K-flash3
can6C58,6N3K-flash4
can6C60,6N3K-flash5
can6P06,6N3O-flash1
can6P07,6N3P-flash1
can6P04,6N3Q-flash1
can6P05,6N3Q-flash2
can6S02,6P2A-flash1
can6P02,6P3C-flash1
can6P03,6P3C-flash2
can6M19,auto6M1A-flash1
can6M13,auto6M1A-flash2
can6M18,auto6M1C-flash1
can6M03,auto6M1C-flash2
can6M04,auto6M1C-flash3
can6M14,auto6M2C-flash1
can6M16,auto6M2C-flash2
can6M17,auto6M2C-flash3
canc3D01,auto6M4A-flash1
canc3D04,auto6M4B-flash1
can6D05,auto6M4C-flash1
can6D06,auto6M4D-flash2
can6D07,auto6M4E-flash3
can6C50,auto6N2A-flash1
can6N10,auto6N2B-flash1
can6N11,auto6N2B-flash2
can6N12,auto6N2B-flash3
can6N13,auto6N2B-flash4
can5C17,auto6N2B-flash5
can6C51,auto6N2C-flash1
can6C05,auto6N2D-flash1
can6C55,auto6N3B-flash1
can6C02,auto6N3D-flash1
can6C17,auto6N3E-flash1
can6C28,auto6N3E-flash2
can6S01,auto6P1A-flash1
can6C08,auto6P3A-flash1
can6C12,auto6P3A-flash2
can6C16,auto6P3A-flash3
can6P01,auto6P3A-flash4
can5C04,auto6P3A-flash5
can3C09,auto6P3B-flash1
can3C10,auto6P3B-flash2
can6M02,CM1M1C-flash1
can6M01,CM1M1H-flash1
can6M06,CM1M1H-flash2
can6M15,CM1M1H-flash3
can6M09,CM1M1I-flash1
can6M12,CM1M1I-flash2
can6M07,CM1M3A-flash1
can6N04,CM1N3J-flash1
can6C04,CM2N3J-flash1
can6C09,CM2N3J-flash2
can6C23,CM2N3J-flash3
